mavuser030,password030
mavuser031,password031
mavuser032,password032
mavuser033,password033
mavuser034,password034
mavuser035,password035
mavuser036,password036
mavuser037,password037
mavuser038,password038
mavuser039,password039
mavuser040,password040
mavuser041,password041
mavuser042,password042
mavuser043,password043
mavuser044,password044
mavuser045,password045
mavuser046,password046
mavuser047,password047
mavuser048,password048
mavuser049,password049
mavuser050,password050
mavuser051,password051
mavuser052,password052
mavuser053,password053
mavuser054,password054
mavuser055,password055
mavuser056,password056
mavuser057,password057
mavuser058,password058
mavuser059,password059
mavuser060,password060
mavuser061,password061
mavuser062,password062
mavuser063,password063
mavuser064,password064
mavuser065,password065
mavuser066,password066
mavuser067,password067
mavuser068,password068
mavuser069,password069
mavuser070,password070
mavuser071,password071
mavuser072,password072
mavuser073,password073
mavuser074,password074
mavuser075,password075
mavuser076,password076
mavuser077,password077
mavuser078,password078
mavuser079,password079
mavuser080,password080
mavuser081,password081
mavuser082,password082
mavuser083,password083
mavuser084,password084
mavuser085,password085
mavuser086,password086
mavuser087,password087
mavuser088,password088
mavuser089,password089
mavuser090,password090
mavuser091,password091
mavuser092,password092
mavuser093,password093
mavuser094,password094
mavuser095,password095
mavuser096,password096
mavuser097,password097
mavuser098,password098
mavuser099,password099
mavuser100,password100
mavuser101,password101
mavuser102,password102
mavuser103,password103
mavuser104,password104
mavuser105,password105
mavuser106,password106
mavuser107,password107
mavuser108,password108
mavuser109,password109
mavuser110,password110
mavuser111,password111
mavuser112,password112
mavuser113,password113
mavuser114,password114
mavuser115,password115
mavuser116,password116
mavuser117,password117
mavuser118,password118
mavuser119,password119
mavuser120,password120
mavuser121,password121
mavuser122,password122
mavuser123,password123
mavuser124,password124
mavuser125,password125
mavuser126,password126
mavuser127,password127
mavuser128,password128
mavuser129,password129
mavuser130,password130
mavuser131,password131
mavuser132,password132
mavuser133,password133
mavuser134,password134
mavuser135,password135
mavuser136,password136
mavuser137,password137
mavuser138,password138
mavuser139,password139
mavuser140,password140
mavuser141,password141
mavuser142,password142
mavuser143,password143
mavuser144,password144
mavuser145,password145
mavuser146,password146
mavuser147,password147
mavuser148,password148
mavuser149,password149
mavuser150,password150
mavuser151,password151
mavuser152,password152
mavuser153,password153
mavuser154,password154
mavuser155,password155
mavuser156,password156
mavuser157,password157
mavuser158,password158
mavuser159,password159
mavuser160,password160
mavuser161,password161
mavuser162,password162
mavuser163,password163
mavuser164,password164
mavuser165,password165
mavuser166,password166
mavuser167,password167
mavuser168,password168
mavuser169,password169
mavuser170,password170
mavuser171,password171
mavuser172,password172
mavuser173,password173
mavuser174,password174
mavuser175,password175
mavuser176,password176
mavuser177,password177
mavuser178,password178
mavuser179,password179
mavuser180,password180
mavuser181,password181
mavuser182,password182
mavuser183,password183
mavuser184,password184
mavuser185,password185
mavuser186,password186
mavuser187,password187
mavuser188,password188
mavuser189,password189
mavuser190,password190
mavuser191,password191
mavuser192,password192
mavuser193,password193
mavuser194,password194
mavuser195,password195
mavuser196,password196
mavuser197,password197
mavuser198,password198
mavuser199,password199
mavuser200,password200
